{
	"pages": [ //pages数组中第一项表示应用启动页，参考：https://uniapp.dcloud.io/collocation/pages
		{
			"path": "pages/index/index",
			"style": {
				"navigationBarTitleText": "明细"
			}
		},
		{
			"path" : "pages/aiDegrade/aiDegrade",
			"style" : 
			{
				"navigationBarTitleText" : "AI消费降级"
			}
		},
		{
			"path" : "pages/graph/graph",
			"style" : 
			{
				"navigationBarTitleText" : "图表"
			}
		},
		{
			"path" : "pages/user/user",
			"style" : 
			{
				"navigationBarTitleText" : ""
			}
		},
		{
			"path" : "pages/functions/functions",
			"style" : 
			{
				"navigationBarTitleText" : "功能"
			}
		},
		{
			"path" : "pages/prizeComparison/prizeComparison",
			"style" : 
			{
				"navigationBarTitleText" : "比价"
			}
		},
		{
			"path" : "pages/aiBudget/aiBudget",
			"style" : 
			{
				"navigationBarTitleText" : "AI预算"
			}
		}
	],
	"globalStyle": {
		"navigationBarTextStyle": "black",
		"navigationBarTitleText": "uni-app",
		"navigationBarBackgroundColor": "#F8F8F8",
		"backgroundColor": "#F8F8F8"
	},
	"uniIdRouter": {},
	"tabBar": {
		"color": "#717171",
		"backgroundColor": "#ffffff",
		"selectedColor": "#000000",
		"list": [
			{
				"pagePath": "pages/index/index",
				"iconPath": "static/left1.png",
				"selectedIconPath": "static/left1.png",
				"text": "明细"
			},
			{
				"pagePath": "pages/graph/graph",
				"iconPath": "static/left2.png",
				"selectedIconPath": "static/left2.png",
				"text": "图表"
			},
			{
				"pagePath": "pages/functions/functions",
				"iconPath": "static/right2.png",
				"selectedIconPath": "static/right2.png",
				"text": "功能"
			},
			{
				"pagePath": "pages/user/user",
				"iconPath": "static/right1.png",
				"selectedIconPath": "static/right1.png",
				"text": "我的"
			}
			
		],
		"height": "70px",
		"iconWidth": "50px"
	}
}
